{"stats":{"minecraft:custom":{"minecraft:time_since_rest":1069,"minecraft:play_one_minute":58154,"minecraft:crouch_one_cm":1,"minecraft:deaths":6,"minecraft:sprint_one_cm":31706,"minecraft:walk_one_cm":107184,"minecraft:sneak_time":65,"minecraft:interact_with_anvil":2,"minecraft:drop":4,"minecraft:boat_one_cm":198,"minecraft:jump":789,"minecraft:leave_game":1,"minecraft:time_since_death":1068,"minecraft:interact_with_crafting_table":3,"minecraft:fall_one_cm":3344,"minecraft:fly_one_cm":164326},"minecraft:picked_up":{"minecraft:repeater":1,"minecraft:chain_command_block":1,"minecraft:repeating_command_block":1,"minecraft:sand":1,"minecraft:knowledge_book":2},"minecraft:crafted":{"minecraft:leather_boots":1,"minecraft:knowledge_book":2,"minecraft:leather_chestplate":1},"minecraft:used":{"minecraft:lever":2,"minecraft:repeater":60,"minecraft:dirt":1,"minecraft:anvil":1,"minecraft:command_block":10,"minecraft:grass_block":9,"minecraft:redstone":19,"minecraft:stone_button":2,"minecraft:chain_command_block":8,"minecraft:repeating_command_block":5,"minecraft:oak_boat":1,"minecraft:polished_blackstone_button":1,"minecraft:warped_planks":1,"minecraft:player_head":2},"minecraft:dropped":{"minecraft:knowledge_book":2,"minecraft:repeating_command_block":1,"minecraft:chain_command_block":1}},"DataVersion":2586}