{"stats":{"minecraft:custom":{"minecraft:time_since_rest":34282,"minecraft:play_one_minute":34282,"minecraft:crouch_one_cm":8,"minecraft:sprint_one_cm":5187,"minecraft:walk_one_cm":34989,"minecraft:sneak_time":184,"minecraft:drop":4,"minecraft:jump":230,"minecraft:leave_game":3,"minecraft:time_since_death":34282,"minecraft:fly_one_cm":85508},"minecraft:picked_up":{"minecraft:repeater":2,"minecraft:command_block":1,"minecraft:warped_button":1},"minecraft:dropped":{"minecraft:warped_button":1,"minecraft:command_block":1,"minecraft:repeater":2},"minecraft:used":{"minecraft:sticky_piston":4,"minecraft:piston":63,"minecraft:water_bucket":1,"minecraft:repeater":62,"minecraft:lava_bucket":1,"minecraft:oak_slab":3,"minecraft:command_block":3,"minecraft:oak_stairs":32,"minecraft:redstone":118,"minecraft:slime_block":10,"minecraft:stone":4,"minecraft:redstone_block":1,"minecraft:warped_button":2,"minecraft:smooth_quartz":89,"minecraft:observer":12}},"DataVersion":2586}